nombre,descripcion,precio,stock
Juice - Mango,Lt-for-dates 2000-2499g,$12.19,52
Flour - Teff,Unc behav neo pituitary,$11.89,20
Energy - Boo - Koo,Inj deep plantar vessel,$2.69,4
Pork - Bones,Merkel cell ca-face,$15.90,89
Soup - Campbells Beef Stew,Oth tissue graft malfunc,$17.91,34
Lambcasing,Meniere's disease NOS,$18.12,71
Banana - Green,Del w 4 deg lacerat-del,$19.51,62
"Ecolab - Orange Frc, Cleaner",TB of bone NEC-micro dx,$18.05,9
Apricots - Halves,80-89% bdy brn/60-69% 3d,$12.87,27
Bread - French Stick,Mgrn wo aura wo ntrc mgr,$19.32,86
Trueblue - Blueberry,Spinal vessel anomaly,$16.48,89
Napkin - Beverage 1 Ply,Mal neo soft tis abdomen,$7.25,11
"Sprite, Diet - 355ml",War inj:explosion NEC,$24.99,71
Ecolab Digiclean Mild Fm,Acc poisn-petroleum fuel,$16.10,84
Cookies - Fortune,Burn of esophagus,$20.33,34
Sauce - Soy Low Sodium - 3.87l,Rupture eye w tissu loss,$24.40,20
Cheese - Mozzarella,Doubling of uterus,$18.69,35
Godiva White Chocolate,Cervical auricle,$5.79,35
Nut - Pumpkin Seeds,Myocardial degeneration,$13.78,53
Soup - Campbells Chicken,Cns compl lab/del-deliv,$22.83,72
Truffle Paste,Late effect injury NOS,$7.44,15
Wine - Chardonnay Mondavi,Routin child health exam,$4.25,9
Bagel - Everything,Open wound of larynx,$20.67,87
V8 Splash Strawberry Kiwi,Injury-suff w plas bag,$15.45,18
Juice - Ocean Spray Kiwi,"Retain FB, mat NOS",$4.79,77
Sprouts Dikon,Flncy dsord cond elsewhr,$21.56,36
Bread - French Baquette,Crush inj face scalp,$3.29,62
Bread - Granary Small Pull,Malign neopl ovary,$19.00,99
"Wine - Red, Concha Y Toro",Alcoholic polyneuropathy,$21.09,82
Guava,Puerp compl NEC-postpart,$21.92,22
Danishes - Mini Cheese,Inconclusive mammogram,$12.82,56
Sauce Tomato Pouch,Prev c-delivery-antepart,$22.11,4
Calypso - Pineapple Passion,Syndactyl toe-no fusion,$0.51,55
Water - Tonic,Myl sarcoma wo achv rmsn,$4.73,60
Oil - Shortening - All - Purpose,Basal cell ca skn up lmb,$20.33,38
Ice Cream Bar - Hagen Daz,Urinary incontinence NOS,$10.81,10
Currants,3rd deg burn scalp,$17.19,49
Table Cloth - 53x69 Colour,Ridden animal acc-rider,$9.42,18
Lamb Tenderloin Nz Fr,Corneal disorder NEC,$20.95,30
Towel Dispenser,TB ovary & tube-cult dx,$17.56,23
Butcher Twine 4r,Cl skull vlt fx-coma NOS,$4.49,46
Veal - Eye Of Round,"Team sports,athletes",$21.85,16
"Pasta - Spaghetti, Dry",Malign neopl eyeball,$18.27,39
"Olives - Black, Pitted",Compl deliv NEC-antepar,$22.96,85
Beer - Steamwhistle,Chr osteomyelit-shlder,$11.51,20
"Fish - Base, Bouillion",Catatonia-chronic,$12.92,85
Hot Choc Vending,Hirudiniasis,$3.33,57
Glaze - Clear,Mening in oth viral dis,$8.28,96
Corn - Mini,Press vessel explos NOS,$23.35,61
Salmon Steak - Cohoe 6 Oz,Personl hx infection CNS,$12.24,65
Dates,Staphylococcal pneu NOS,$5.76,28
Pork - Backfat,3rd burn w loss-palm,$18.79,34
Plaintain,Brain inj NEC-brief coma,$13.56,51
"Wine - White, Ej",Pancreas injury NOS-clos,$15.10,86
"Wine - Saint - Bris 2002, Sauv",Varicella complicat NOS,$21.95,29
Wine - Coteaux Du Tricastin Ac,"Ac gingivitis,nonplaque",$2.42,22
"Crab - Dungeness, Whole, live",Hypernasality,$7.69,48
Blueberries,Ob trauma NOS-unspec,$17.41,61
Lid Tray - 12in Dome,Boat inj NEC-person NOS,$16.05,49
Bread - Triangle White,Letterer-siwe dis thorax,$0.04,47
"Sauce - Bernaise, Mix",Chr conjunctivitis NOS,$12.46,12
Potatoes - Mini White 3 Oz,Atypical face pain,$2.19,39
Chicken - Whole Roasting,"Individ sports,athletics",$17.12,65
"Yogurt - Cherry, 175 Gr",Heart injury NOS-closed,$3.52,4
Vinegar - Cider,Pois-arsenic anti-infec,$14.41,83
Amarula Cream,Toxic effect benzene,$9.28,3
Bread Crumbs - Panko,Loc osteoarth NOS-unspec,$13.13,64
Cinnamon Buns Sticky,TB bronchiect-cult dx,$9.78,38
Table Cloth 62x120 Colour,Oth spcf dsdr urnry trct,$4.45,15
Wine - Montecillo Rioja Crianza,Malig neo gum NOS,$18.85,9
"Fish - Soup Base, Bouillon",Screen mal neop-oral cav,$24.86,21
Spinach - Baby,Late eff cran nerve inj,$23.73,69
"Oil - Shortening,liqud, Fry",Late eff CV dis-apraxia,$14.26,23
"Pasta - Lasagne, Fresh",Ac laryngitis w/o obst,$0.81,56
Tea - English Breakfast,Takotsubo syndrome,$10.11,24
Alize Sunset,Rheumatic heart failure,$8.23,81
Soup Campbells Turkey Veg.,"Cellulitis, toe NOS",$13.53,76
Tea - Herbal - 6 Asst,Chronic nephritis NOS,$0.75,91
French Pastry - Mini Chocolate,Dislocat coccyx-closed,$1.48,99
Wine - Segura Viudas Aria Brut,Disloc cerv vert NOS-opn,$0.57,92
Cheese Cloth No 60,Adv eff glutethimide,$22.56,18
Flower - Commercial Spider,Glaucoma stage NOS,$9.20,53
"Tortillas - Flour, 12",Ant disl prox tibia-open,$9.76,14
Sugar - Fine,Mal neo nervous syst NOS,$22.05,91
Turnip - Wax,Arthrop w system dis NEC,$20.64,56
Beef - Prime Rib Aaa,Pois-propionic acid derv,$11.56,75
Cheese - Parmesan Cubes,Inflam spondylopathy NOS,$1.28,85
Sauce - Thousand Island,Insect bite finger,$17.08,22
Appetizer - Veg Assortment,Surg complication - cns,$18.72,99
Bag - Regular Kraft 20 Lb,Cortical blindness,$10.12,74
"Veal - Insides, Grains",Aircrft acc-parachutist,$24.97,95
Anchovy Paste - 56 G Tube,Lwr limb vessel anomaly,$1.57,94
"Tart Shells - Savory, 2",Ankylosis-shoulder,$15.33,69
Soup - Campbells Beef Strogonoff,Adv eff GI agent NOS,$18.91,81
"Cup - 3.5oz, Foam",Spotting-antepartum,$6.11,11
Mushroom - Portebello,Fx mult cervical vert-cl,$18.95,2
Milk - Buttermilk,Hemoptysis NEC,$24.72,53
Table Cloth 72x144 White,Postural proteinuria,$0.67,9
Water Chestnut - Canned,Abn thyroid funct study,$1.66,85
Spice - Pepper Portions,Prim TB complex-micro dx,$19.39,48
"Doilies - 12, Paper",TB bone/jt NOS-cult dx,$8.48,35
Five Alive Citrus,Adv eff nerve-block anes,$3.71,92
"Nut - Hazelnut, Whole",Personal histry malaria,$21.41,20
Butter Ripple - Phillips,Adrenal gland injury-opn,$23.19,22
Bread - English Muffin,Saddle embolus abd aorta,$9.53,61
Ecolab Crystal Fusion,Cerebellar ataxia NEC,$2.19,18
Appetizer - Cheese Bites,Pois-quinoline/hydroxyqu,$8.67,46
Propel Sport Drink,Adv eff local astringent,$24.23,37
Cheese - Colby,Foreign body uterus,$2.81,100
Chocolate Bar - Oh Henry,Benign neoplasm scrotum,$3.25,51
Blueberries,Pyoderma NEC,$0.15,29
"Crab - Back Fin Meat, Canned",Acc poison-disinfectants,$24.23,88
Steampan Lid,Hodgkins mix cell mult,$5.19,7
Puff Pastry - Slab,Letterer-siwe dis head,$8.29,71
Mushroom - Porcini Frozen,Difus sec atroph choroid,$18.29,70
Cheese - Perron Cheddar,Injury axillary artery,$13.79,29
Wine - Zonnebloem Pinotage,Cholesteatoma middle ear,$7.64,55
Pastry - Banana Tea Loaf,Rotator cuff dis NEC,$23.58,42
Pepper Squash,Aneurysm NOS,$16.75,18
Honey - Liquid,Persist occipitpost-unsp,$24.61,30
Loquat,H simplex complicat NEC,$3.49,66
Pork Casing,Htlv-ii infectn oth dis,$3.57,70
Soup - Campbells Chicken,Disloc metatarsal NOS-cl,$16.50,55
Sobe - Green Tea,Bone infect NOS-ankle,$1.14,93
"Beef - Cooked, Corned",Cervical duplication,$1.46,70
Broom - Corn,Mosquit-borne enceph NEC,$7.57,74
Foil Wrap,Foster-kennedy syndrome,$12.32,97
Cakes Assorted,Legal blindness-usa def,$4.75,2
Beets - Mini Golden,Ainhum,$0.05,35
"Yogurt - Cherry, 175 Gr",Int inf e coli entrtoxgn,$8.97,12
Chambord Royal,Alternating esotropia,$0.45,45
"Pepper - Paprika, Hungarian",TB epididymis-no exam,$1.43,78
Sour Puss Sour Apple,Ac idiopath pericarditis,$16.50,100
Fondant - Icing,Pulm interstitl glycogen,$19.34,97
Wine - Champagne Brut Veuve,Cystostomy status NOS,$21.14,73
Zucchini - Yellow,Malig neoplasm mouth NOS,$21.40,30
Water - Tonic,Sprain of foot NOS,$14.95,69
Beef - Top Butt,Inflammation eyelid NOS,$9.04,61
Dates,Postop oth specfd aftrcr,$20.45,44
Bag Clear 10 Lb,Fx femur shaft-open,$23.37,27
White Fish - Filets,Leukemoid reaction,$19.97,82
Wine - Tio Pepe Sherry Fino,Tobacco use dis-postpart,$16.26,13
Currants,Antepart hem NEC-antepar,$5.56,30
Rabbit - Legs,Lymphangioleiomyomatosis,$20.69,58
Foam Espresso Cup Plain White,Twin gest-plac/sac undet,$23.24,98
"Bread - Multigrain, Loaf",Cachexia,$10.04,20
Wine - Pinot Noir Pond Haddock,TB of thyroid-exam unkn,$15.67,78
Broccoli - Fresh,Dev disloc jt-mult sites,$18.95,73
"Jam - Blackberry, 20 Ml Jar",Prophylactic isolation,$13.81,35
Arctic Char - Fillets,Trypanosomiasis meningit,$1.43,54
Potatoes - Pei 10 Oz,Abn react-procedure NEC,$4.57,82
Buffalo - Tenderloin,Harada's disease,$0.59,46
Cheese - Montery Jack,Mal crcnoid transv colon,$2.30,43
Wine - Pinot Grigio Collavini,Psychogenic gu dis NEC,$13.30,96
V8 - Tropical Blend,Air pressure change NOS,$22.86,59
Pepper Squash,Acc poison-antibiotics,$15.53,84
Melon - Honey Dew,Holiday relief care,$6.83,24
Cheese - Provolone,Fit orthodontic device,$1.60,22
Muffin Mix - Corn Harvest,Fx mandible body NEC-cl,$22.29,83
Bread Base - Italian,Primary CNS lymph xtrndl,$24.74,3
"Gingerale - Schweppes, 355 Ml",Hodgkins paragran inguin,$15.89,52
Oil - Sunflower,Fall from building,$20.59,2
"Split Peas - Yellow, Dry",Pulmonary TB NOS-unspec,$21.31,48
Sauce - Caesar Dressing,Orchitis in oth disease,$10.53,34
Cookie Dough - Chunky,Fet/plac prob NOS-unspec,$3.02,73
Tea - Jasmin Green,Ben neo major salivary,$20.10,69
"Pepsi - Diet, 355 Ml",Irregular astigmatism,$4.91,89
Chips Potato Salt Vinegar 43g,Peripartum cardiomy-del,$22.94,70
"Bread - Roll, Italian",Ant subcaps pol cataract,$8.63,14
Zucchini - Yellow,Birth trauma NOS,$1.32,12
Soupcontfoam16oz 116con,TB sp crd absc-oth test,$16.54,25
Island Oasis - Cappucino Mix,Ac bulbar polio-type 1,$7.25,91
Cheese - Brie,Ch mgr wo ara w ntr w st,$17.68,11
Wine La Vielle Ferme Cote Du,"Amputation foot, unilat",$5.10,40
Cheese - Bocconcini,Polyp of vagina,$3.33,12
Tomatoes - Orange,Cord around neck-unspec,$14.36,17
Lamb - Loin Chops,Inflammation eyelid NOS,$16.70,29
"Cheese - Cheddar, Medium",Hyperacusis,$16.38,66
Mustard - Individual Pkg,"Bereavement, uncomplicat",$13.29,92
Laundry - Bag Cloth,Mal neo long bones arm,$13.74,42
Energy Drink,Med disloc prox tibia-cl,$2.68,36
Wine - Fume Blanc Fetzer,Amino-acid transport dis,$15.92,37
Tomatoes Tear Drop Yellow,Suprv young primigravida,$2.22,17
"Asparagus - White, Fresh",Malig neo gum NOS,$10.51,77
Flour - Rye,Bilious emesis,$22.90,87
Wine - Baron De Rothschild,Sup glenoid labrm lesion,$19.15,38
Sugar - Invert,Hyperpotassemia,$14.25,76
Wheat - Soft Kernal Of Wheat,Poison-gas in container,$1.24,41
Chocolate Bar - Coffee Crisp,Oth digestv system comp,$18.10,97
Bread - Pita,W/crft machine-military,$0.81,9
Urban Zen Drinks,Open restoration margins,$13.27,66
"Veal - Brisket, Provimi,bnls",Urethral false passage,$12.98,99
Cookie Trail Mix,Del w 2 deg lacerat-del,$20.99,26
"Oil - Olive, Extra Virgin",Burn NOS head-mult,$16.29,95
Whmis - Spray Bottle Trigger,Rheumatic pneumonia,$1.24,2
Eggplant - Asian,Anphyl react tr nts seed,$24.83,3
"Juice - Apple, 1.36l",Fx femur intrcaps NEC-cl,$12.06,28
"Soup - Campbells, Spinach Crm",Other psoriasis,$1.81,88
Syrup - Pancake,Binocular vis suppress,$1.33,7
Wine - Maipo Valle Cabernet,Complcation-insulin pump,$21.80,12
Sole - Fillet,Jt contracture-hand,$0.47,29
Scallops - 10/20,Academic underachievment,$12.37,45
"Turkey - Breast, Smoked",Spinal disorders NEC,$21.30,96
Sauce - Alfredo,Open wound tongue-compl,$4.66,10
"Bread - Roll, Canadian Dinner",Sprain of knee & leg NEC,$1.89,86
Ecolab - Mikroklene 4/4 L,Dis amino-acid metab NEC,$7.62,99
Pails With Lids,Thrombophlebitis NEC,$15.77,92
Beef - Montreal Smoked Brisket,Inconclusive mammogram,$9.38,9
Squid - U - 10 Thailand,Machine dependence NOS,$7.59,73
"Hickory Smoke, Liquid",Pallor,$3.38,37
Bulgar,Psychological trauma NEC,$12.20,42
Bread - Hot Dog Buns,Noninflam dis cervix NOS,$18.14,9
"Crab - Blue, Frozen",Glaucoma w ocular trauma,$0.90,13
Broom And Brush Rack Black,Scr fetl malfrm-ultrasnd,$10.78,14
Rice - Aborio,Unc behav neo paragang,$7.98,99
"Croissant, Raw - Mini",Secondary syphilis NEC,$23.95,34
"Wine - White, Pinot Grigio",Open wound axilla-compl,$2.36,62
Fruit Salad Deluxe,Granuloma inguinale,$10.19,50
Plasticforkblack,Screen for filariasis,$18.82,80
"Wine - Red, Colio Cabernet",Hematoma of vulva,$6.42,71
Glucose,TB lung infiltr-oth test,$15.31,45
Eel Fresh,Low birthwt 1000-1499g,$22.80,25
Chips Potato Salt Vinegar 43g,Crushing injury of wrist,$5.01,75
Chinese Foods - Chicken,Aftrcre int fixation dev,$7.91,99
Tea - Black Currant,Tubal endometriosis,$23.45,29
Carrots - Jumbo,Organic hypersomnia NEC,$13.59,50
"Bread - Crumbs, Bulk",Adrenogenital disorders,$9.70,59
Vanilla Beans,Vascular hamartomas,$14.53,52
Rice - Aborio,Contracept surveill NEC,$0.40,78
Bar Mix - Lemon,Urinary anomaly NOS,$10.38,6
Spice - Peppercorn Melange,Fx sacrum-op/crd inj NEC,$21.84,5
Red Currant Jelly,Acq nasolacrml stenosis,$8.25,37
Cheese - Victor Et Berthold,3rd burn w loss-site NOS,$24.09,15
Graham Cracker Mix,Cardiovascular syph NEC,$11.87,53
Wine - Fat Bastard Merlot,Disl metatarsal NOS-open,$24.94,23
Beef - Ox Tongue,Hypotension NOS,$7.53,22
Beer - Mill St Organic,Exud cyst iris/ant chamb,$17.95,83
Wine - Conde De Valdemar,Mod nonprolf db retinoph,$7.40,60
Banana - Green,Abn cns funct study NEC,$17.44,43
Muskox - French Rack,Assault-hot liquid,$1.02,88
Onions Granulated,Prim thrombocytopen NEC,$7.29,80
Soup - Campbells Pasta Fagioli,"Injury-burn, fire",$1.30,56
Soup - Campbells Chicken,1st deg burn neck,$2.70,60
"Soup - Knorr, Chicken Gumbo",Battering by child,$12.10,8
Loquat,Colon injury NOS-closed,$15.24,10
Creme De Banane - Marie,Anomaly dental arch NOS,$24.95,25
Cheese - Ermite Bleu,Assist repro fertility,$20.40,47
Flower - Daisies,Malaria in preg-unspec,$10.65,32
"Cherries - Bing, Canned",Adv eff pyrazole deriv,$20.71,29
Gherkin - Sour,Issue repeat prescript,$1.10,21
Bread - Italian Sesame Poly,Unc behav neo urinar NOS,$0.12,92
Vinegar - Red Wine,"Amputat foot, bilat-comp",$0.30,87
Loquat,Ac resp flr fol trma/srg,$22.75,87
Bread - White Epi Baguette,Retain nonmag meta frag,$22.26,5
"Appetizer - Mini Egg Roll, Shrimp",Watercraft fall NEC-crew,$11.13,79
"Pork - Loin, Bone - In",Retract nipple-del w p/p,$18.87,2
Cookies - Fortune,TB of eye-histo dx,$8.19,58
Sage Ground Wiberg,Sector or arcuate defect,$19.80,60
Wine - Chardonnay Mondavi,Vitamin b deficiency NOS,$1.21,2
Olives - Morracan Dired,Prolong 2nd stage-antepa,$11.29,51
"Mushroom - Chanterelle, Dry",Lactation fail-delivered,$5.00,45
Sauce - Hollandaise,Family circumstances NEC,$17.43,66
Croissants Thaw And Serve,Abrasion finger,$1.59,82
Garlic,Cl skl w oth fx-brf coma,$1.22,31
Energy Drink - Franks Pineapple,Hearing loss NEC,$0.65,78
Onions - Pearl,Jt derangement NEC-hand,$5.29,75
"Wine - White, Schroder And Schyl",Psychogenic disorder NOS,$19.78,48
Tea - Herbal I Love Lemon,Int asthma w (ac) exac,$3.95,58
Pernod,War inj:marine weapn NEC,$21.52,85
Tuna - Bluefin,Adjustment reaction NEC,$3.17,20
"Lemonade - Island Tea, 591 Ml",Abnormalities of hair,$13.79,70
Wood Chips - Regular,Mal neo male nipple,$24.47,72
Cheese Cloth,Fracture NOS-open,$17.63,6
Leeks - Large,Rflx sym dystrph up limb,$11.33,67
Blue Curacao - Marie Brizard,Wtrcrft acc NEC-pers NEC,$22.63,90
Carbonated Water - Peach,Ben neo islets langerhan,$18.01,85
Wine - Sicilia Igt Nero Avola,Late ef CV dis dysphagia,$8.98,78
"Lemonade - Mandarin, 591 Ml",Illeg ab w pelv inf-inc,$7.55,82
Tofu - Firm,Ac chem conjunctivitis,$16.47,21
Basil - Seedlings Cookstown,Abscess of liver,$1.49,7
Crab Brie In Phyllo,Alcoholic polyneuropathy,$14.43,18
Energy Drink - Franks Pineapple,Retinoph prematurity NOS,$21.75,76
Sherry - Dry,Hallucinogen dep-contin,$1.55,59
Truffle Shells - White Chocolate,Mature cataract,$3.13,31
Liqueur - Melon,Loc 2nd osteoarth-unspec,$23.41,99
"Soda Water - Club Soda, 355 Ml",Anemia NOS,$9.48,65
"Soup - Cream Of Broccoli, Dry",Primary pneumonic plague,$12.26,17
Cheese - Oka,Sensor prob w neck/trunk,$14.54,53
V8 - Vegetable Cocktail,Tubrclma mening-cult dx,$11.71,20
Wakami Seaweed,Med exam NEC-admin purp,$2.77,95
Cheese - Cambozola,Forcep deliv NOS-unspec,$0.71,48
Pomello,Empyema with fistula,$9.74,72
Venison - Striploin,Glaucoma w lens dis NEC,$2.15,64
Sponge Cake Mix - Chocolate,"Push-ups,pull-ups,sit-up",$2.54,22
"Mustard - Dry, Powder",Abn amnion NEC aff NB,$20.80,4
"Spoon - Soup, Plastic",H simplex complicat NEC,$8.67,43
Appetizer - Veg Assortment,Infantile hemiplegia,$14.58,79
"Lettuce - Mini Greens, Whole",Del w 3 deg lacerat-del,$18.36,89
Liquid Aminios Acid - Braggs,Acc cut/hem in infusion,$22.57,85
"Bread - Pita, Mini",Fx larynx/trachea-open,$22.14,46
Amarula Cream,Mycotic mycetomas,$18.81,36
Wine - Winzer Krems Gruner,Reticulosarcoma spleen,$12.84,84
Cornish Hen,Consl partner prob,$19.11,59
Ice Cream - Vanilla,Ac leuk uns cl relapse,$18.70,99
"Pasta - Elbows, Macaroni, Dry",Loc osteoarth NOS-shlder,$17.38,45
Veal - Loin,Fx larynx/trachea-open,$11.55,82
Beef - Top Butt Aaa,Adv eff antinfct NEC/NOS,$23.17,69
Huck White Towels,Mycosis fungoides inguin,$12.87,23
"Juice - Orange, Concentrate",Unstable lie-unspecified,$19.85,26
Tea - Grapefruit Green Tea,Syph retrobulb neuritis,$8.16,67
Spring Roll Wrappers,3rd burn w loss-site NOS,$12.57,77
Towel Multifold,Old laceration of cervix,$23.09,92
Raspberries - Frozen,Infertility-tubal origin,$20.92,89
"Veal - Leg, Provimi - 50 Lb Max",Ac mono leu wo achv rmsn,$14.63,77
Pastry - Plain Baked Croissant,Ob air embolism-postpart,$5.68,100
Sauce Bbq Smokey,Poisoning by amphetamine,$15.70,39
Smoked Paprika,Rubella uncomplicated,$3.63,86
Beef - Prime Rib Aaa,Cong salivary fistula,$0.57,22
Soup - Campbells - Chicken Noodle,Acc pois-solid/liq NEC,$8.99,30
Tomatoes - Heirloom,Schizoaffective dis NOS,$23.48,7
Tart - Butter Plain Squares,Hyperkeratosis of yaws,$17.46,45
"Pork - Bacon, Sliced",Mixed lymphosarc inguin,$1.77,91
Raspberries - Frozen,Retract nipple-postpart,$2.79,39
"Pepper - White, Ground",TB esophagus-exam unkn,$1.23,85
Sherry - Dry,Deep vein thromb-antepar,$19.15,15
"Pasta - Spaghetti, Dry",Mal neo lacrimal duct,$7.64,22
Juice - Apple Cider,Fall from bed,$14.56,64
"Bread - Bagels, Mini",Cervical syndrome NEC,$5.93,70
Chickhen - Chicken Phyllo,Opn skl base fx-mod coma,$19.83,64
Scallops - 20/30,Hx-thrombophlebitis,$13.19,28
Bread - Rye,Neoplasm related pain,$6.47,77
Veal - Osso Bucco,Matern compl NEC aff NB,$9.22,66
Pepperoni Slices,Amnestic disord oth dis,$5.23,43
Southern Comfort,Colic,$23.49,59
Foil - Round Foil,Acc pois-corrosiv aromat,$3.56,70
"Pasta - Shells, Medium, Dry",Ovarian endometriosis,$0.60,92
Chip - Potato Dill Pickle,Amebic liver abscess,$22.89,13
Energy Drink - Franks Pineapple,Injury of chest wall NEC,$22.17,41
Salt - Table,Sprain ulnohumeral,$19.18,15
Sage Derby,Injury renal vein,$4.69,34
Bread Base - Goodhearth,React depress psychosis,$15.49,75
Pie Shell - 5,Cervical shortening-del,$13.69,61
Sauce - Hollandaise,Old hyperten-deliv w p/p,$15.93,5
Mustard - Individual Pkg,Bone infect NOS-shlder,$11.86,9
Calypso - Pineapple Passion,Lacriml punctum eversion,$6.18,79
Frangelico,"Pressure ulcer,stage NOS",$5.13,17
Sauce - Cranberry,Multi gest NEC-antepart,$17.39,52
"Tart Shells - Savory, 2",Oth road veh acc-pedest,$18.46,86
Otomegusa Dashi Konbu,"Pressure ulcer, elbow",$17.52,11
Table Cloth 54x72 Colour,Chorioretinal scar NOS,$12.66,50
Pate - Peppercorn,Contusion of foot,$10.54,5
"Clams - Littleneck, Whole",Oth lym leuk w rmsion,$18.73,92
Sugar - Splenda Sweetener,Mal neo breast low-outer,$13.08,16
Soho Lychee Liqueur,Cord prolapse-unspec,$8.86,65
Carrots - Jumbo,T7-t12 fx-op/cen crd syn,$2.60,36
Beef - Inside Round,TB of mastoid-cult dx,$2.22,75
Sobe - Liz Blizz,Malig neo submandibular,$18.73,7
Amaretto,Ot sp hmiplga unspf side,$20.87,50
Pectin,Ear anomalies NEC,$10.38,48
Tamarillo,Severe preeclamp-deliver,$17.74,92
Alize Sunset,Ac amebiasis w/o abscess,$14.63,48
"Mushroom - Morels, Dry",Malfunction iud,$12.85,98
Beer - True North Lager,Sat anal smr-no trnsfrm,$6.86,8
"Crush - Orange, 355ml",Herpetic whitlow,$21.28,11
Appetizer - Lobster Phyllo Roll,Chr nephritis in oth dis,$13.86,91
Eel Fresh,Burn NOS foot,$10.08,78
Plate Pie Foil,Genital organ anom NEC,$15.21,73
Soup - Tomato Mush. Florentine,Cl skull fx NEC-concuss,$15.74,34
Pickle - Dill,Bone & cartilage dis NOS,$16.85,55
Oats Large Flake,Perinat GI sys dis NEC,$4.73,75
Cheese - Gouda,Bacterial diseases NEC,$3.36,4
"Beef - Ox Tongue, Pickled",Contusion genital organs,$20.41,61
Zucchini - Green,Toxic optic neuropathy,$10.94,66
Wine - Casillero Del Diablo,Fracture of ilium-closed,$18.26,85
Waffle Stix,Periph T cell lym pelvic,$10.87,83
Horseradish - Prepared,Congn anoml abd wall NEC,$19.07,9
Gatorade - Lemon Lime,Burn w eyeball destruct,$20.37,86
Potatoes - Pei 10 Oz,Galactorrhea preg-unspec,$13.84,26
Tea - Herbal I Love Lemon,Histoplasmosis pericard,$12.00,1
"Napkin - Beverge, White 2 - Ply",Perinatal intest perfor,$0.88,47
Nori Sea Weed,Dog bite,$18.27,62
Hersey Shakes,Adv eff skelet musc relx,$15.66,56
Sansho Powder,Bladder exstrophy,$20.29,33
Wine - Sauvignon Blanc Oyster,Disease of pharynx NEC,$7.80,92
Peas Snow,Benign neo epididymis,$16.93,48
Watercress,Legal intervent-explosiv,$2.24,45
"Cheese - Brie,danish",Foreign body in nose,$20.62,17
Vinegar - Raspberry,Bladder neoplasm NOS,$10.40,51
Lemonade - Pineapple Passion,Fall-nonmotor scooter,$13.85,12
Oil - Grapeseed Oil,Nodular lymphoma mult,$16.06,3
Lamb - Rack,Mal neo abdomin esophag,$6.62,4
Kippers - Smoked,Spina bifida-dorsal,$1.91,56
Cocoa Butter,Noncmplnt w renal dialys,$8.66,2
Coffee Cup 12oz 5342cd,Bladder calculus NEC,$1.48,27
Apple - Custard,Anim drawn veh-pers NEC,$8.56,7
Bread - Hot Dog Buns,Mnplg lwr lmb nondmnt sd,$11.53,50
Fiddlehead - Frozen,Cl skl w oth fx w/o coma,$1.72,83
Bar - Granola Trail Mix Fruit Nut,Mal neo pancreatic duct,$11.35,29
Sea Bass - Whole,Cortical/zonular catarac,$11.04,28
Beef - Rib Eye Aaa,Cerebral lipidoses,$13.54,51
"Wine - Red, Concha Y Toro",Malig neopl bone NOS,$15.60,48
Tea - Lemon Scented,Burn NOS knee,$18.89,7
Garlic Powder,Nonpsychotic disord NOS,$20.01,8
Blouse / Shirt / Sweater,War injury:bullet NEC,$6.15,85
Pork - Backfat,Fit/adj breast pros/impl,$7.75,50
Chambord Royal,Adv eff cardiotonics,$15.16,100
Appetizer - Asian Shrimp Roll,Neonat diabetes mellitus,$1.82,35
Lamb - Shanks,Fx upper humerus NEC-opn,$6.85,86
Wine - Shiraz Wolf Blass Premium,Disorders of mastoid NEC,$23.55,50
Sugar - Crumb,Toxic gastroenteritis,$23.98,18
Mushroom - Porcini Frozen,Knife/sword/dagger acc,$8.51,61
Ginger - Pickled,Uns lym leu wo ach rmsn,$7.93,60
Soup - Campbells Beef Noodle,Urethral false passage,$23.00,66
Chicken - Tenderloin,Injury axillary vein,$17.48,62
Pasta - Ravioli,Poison-spinal anesthetic,$16.39,39
Cream - 35%,Histoplasm dubois retina,$6.40,98
"Bread - Roll, Italian",3rd deg burn shoulder,$9.04,49
"Bread - Crumbs, Bulk",Psychic factor w oth dis,$11.25,26
Bread - Corn Muffaletta,Sec neuroendo tumor-bone,$21.21,31
Amarula Cream,"Allergy, unspecified",$9.75,84
Okra,Thrd-stage hem-del w p/p,$2.55,4
Ginsing - Fresh,Vulval varices,$18.92,18
"Lobster - Tail, 3 - 4 Oz",Chr margin ulc perf-obst,$10.68,77
Lamb - Rack,Atrophy maxilla-severe,$7.31,36
"Sole - Dover, Whole, Fresh",Excess fluid in infusion,$19.82,65
Ice Cream - Super Sandwich,Injury-strang/suff NEC,$2.91,16
Bread - Flat Bread,Anal hi risk HPV-DNA pos,$13.49,72
"Wine - White, Colubia Cresh","Sensory hear loss,unilat",$3.29,1
"Tart Shells - Sweet, 2",Acc on industr premises,$12.51,84
Grapes - Green,Mal melanoma scalp/neck,$21.52,64
Juice - Lime,Fever NOS,$18.35,73
"Chicken - Breast, 5 - 7 Oz",Disorders of ear NEC,$13.16,41
Oil - Canola,Sec malig neo lg bowel,$19.79,71
Squid - Breaded,3rd burn w loss-forearm,$20.89,57
Pear - Asian,"Bladder rupt, nontraum",$7.60,24
"Carrots - Purple, Organic",Basilar artery syndrome,$14.38,35
Oats Large Flake,Hx-cervical malignancy,$6.34,1
"Water - Spring Water, 355 Ml",Orbital tenonitis,$24.59,24
Squid - U 5,Behcet arthritis-shlder,$11.63,86
Crackers - Trio,Stevens-Johnson-TEN syn,$16.89,91
Yeast Dry - Fleischman,TB encephalitis-oth test,$8.61,13
Maintenance Removal Charge,Loose body-shlder,$12.21,40
Beer - Blue,Fx shaft rad w ulna-clos,$3.63,8
"Napkin - Dinner, White",Critical illness myopthy,$10.17,82
Puree - Passion Fruit,Streptococcal meningitis,$8.66,57
"Cheese - Boursin, Garlic / Herbs",Breast inf NOS-postpart,$9.06,6
Wine - Vineland Estate Semi - Dry,Reentrant coll-pedest,$13.51,73
Mustard - Dijon,Blindness/low vision,$16.76,32
Chips - Potato Jalapeno,Herpetic ulcer of vulva,$20.94,30
Otomegusa Dashi Konbu,Otosclerosis NEC,$18.81,17
Tomatoes Tear Drop,Urinary hesitancy,$6.86,22
Basil - Fresh,Submers NEC-crew,$19.67,93
Otomegusa Dashi Konbu,Acc pois-synth detergent,$21.40,6
Bandage - Flexible Neon,Hemarthrosis-mult jts,$18.13,87
Melon - Watermelon Yellow,Congenital ectopic lens,$1.16,92
Table Cloth 120 Round White,Cl lumbar fx w cord inj,$0.36,6
Mustard - Individual Pkg,Ca in situ skin arm,$3.15,57
Chocolate - Liqueur Cups With Foil,Malignant neo appendix,$14.27,72
Easy Off Oven Cleaner,Balanitis xerotica oblit,$15.07,35
Puree - Mocha,Hamartoses NEC,$0.18,34
Beer - Steamwhistle,Multiple sclerosis,$20.08,41
Oil - Margarine,Mult gest 2+ monochr NEC,$10.58,17
Anisette - Mcguiness,Refsum's disease,$7.62,81
"Wine - Red, Metus Rose",Opn skl/oth fx-prol coma,$4.94,43
Lettuce - Treviso,Tachycardia NOS,$16.07,88
Sugar - Monocystal / Rock,Adv eff yellow fever vac,$3.25,22
Wine - Spumante Bambino White,"BMI 45.0-49.9, adult",$22.63,91
Irish Cream - Butterscotch,Adv eff antidepressants,$12.16,27
"Wine - Red, Mouton Cadet",Chr follic conjunctivit,$3.96,37
Halibut - Fletches,Anal fissure,$15.21,74
Persimmons,Deep 3 deg brn hand NOS,$6.06,94
Evaporated Milk - Skim,Periph T cell lymph head,$4.79,100
"Roe - Lump Fish, Red",Chr serous OM simp/NOS,$23.54,96
Chef Hat 20cm,Adv eff antiviral drugs,$12.54,63
Raspberries - Fresh,Disorder of sclera NEC,$1.01,78
V8 Pet,Viral meningitis NEC,$8.84,85
Lettuce - Escarole,Opn cort contus-coma NOS,$8.43,71
Shortbread - Cookie Crumbs,Reaction-unsp devic/grft,$14.86,13
Flour - Cake,Borderline personality,$11.87,86
Pepper - Red Chili,Poisoning-antiasthmatics,$12.70,47
Appetizer - Escargot Puff,24 comp weeks gestation,$24.97,78
Bacardi Raspberry,Large cell lymphoma head,$15.20,77
Milk - Skim,Injury-scald,$22.10,58
Figs,Cervical root injury,$0.12,3
Liquid Aminios Acid - Braggs,Local salmonella inf NEC,$2.03,3
Cookie Dough - Chunky,Glaucoma w iris anomaly,$11.12,31
Wine - Zinfandel Rosenblum,Benign neoplasm choroid,$20.16,17
Juice - V8 Splash,"Retrovirus, unspecified",$1.97,17
Garlic - Elephant,DMI wo cmp uncntrld,$2.95,15
Wine - Cousino Macul Antiguas,Polio osteopathy-shlder,$13.67,46
"Bread - White, Sliced",Dermat d/t food ingest,$10.36,27
Ginger - Crystalized,Sensory retina dystrophy,$20.63,75
Pork - Inside,Superfic inj periocular,$9.02,80
Flower - Carnations,Ulcer of thigh,$23.97,28
Rice Paper,Cardioresp exercise NEC,$22.24,72
Pear - Packum,N-traf brd/alight-mocycl,$9.35,58
"Pepper - Chillies, Crushed",Illegitimate pregnancy,$5.65,19
Wine - Chablis 2003 Champs,Pulmon TB NOS-micro dx,$14.17,41
Chicken - Whole,Stomach function dis NEC,$4.36,82
Hinge W Undercut,Low bladder compliance,$11.03,44
Halibut - Steaks,Exfl d/t eryth 50-59 bdy,$11.82,34
Creme De Cacao White,Hypertonicity of bladder,$14.60,87
Dc - Sakura Fu,Debility NOS,$4.32,24
Bread - Focaccia Quarter,Pigment epitheliopathy,$8.75,88
"Chicken - Breast, 5 - 7 Oz",Ac tracheitis w obstruct,$3.84,10
Potatoes - Fingerling 4 Oz,Heat cramps,$22.93,96
Chevere Logs,Metatarsus primus varus,$5.43,91
"Wine - Red, Concha Y Toro",Mv traff acc NEC-pasngr,$3.76,89
Strawberries - California,Edema of newborn NEC/NOS,$8.83,5
"Wine - Saint - Bris 2002, Sauv",Loose body-shlder,$0.26,46
"Lemonade - Black Cherry, 591 Ml",Ben neo bones wrist/hand,$23.33,36
Beef - Ox Tongue,Mv n-traff NEC/NOS-psgr,$18.27,10
"Soup - Cream Of Broccoli, Dry",Ac emblsm axillary veins,$18.67,71
Cake - Miini Cheesecake Cherry,"Quadrplg c1-c4, complete",$3.30,13
Scallop - St. Jaques,"Vascular anomaly, eyelid",$0.19,16
Butcher Twine 4r,Hemoperitoneum,$18.43,47
Bread Foccacia Whole,Renal & ureteral dis NEC,$6.21,17
Wine - Casablanca Valley,Diabetes-postpartum,$22.66,73
Beer - Paulaner Hefeweisse,Parox ventric tachycard,$3.86,29
Puree - Strawberry,Orbital osteomyelitis,$22.37,13
Wine - Zonnebloem Pinotage,Pathol dislocat-unspec,$22.59,12
"Wine - Magnotta, White",Nonsenile cataract NOS,$9.82,52
Wine - Casillero Deldiablo,Circadian rhym oth dis,$14.12,8
Beef Cheek Fresh,Abn cardiovasc study NOS,$16.18,11
Flour - Whole Wheat,Periprosthetc fx-pros jt,$14.75,35
Soup Campbells - Italian Wedding,Cutaneous actinomycosis,$0.78,70
Bread - Olive,Oth placent cond-deliver,$6.10,70
Almonds Ground Blanched,1st deg burn upper arm,$7.09,86
"Coke - Classic, 355 Ml",TB sp crd absc-exam unkn,$10.13,20
"Water, Tap",Prinzmetal angina,$19.82,8
Wine - Red Oakridge Merlot,Mal neo oral/pharynx NEC,$24.39,77
Capon - Whole,Family hx-gu disease NEC,$12.07,66
"Beef - Ground, Extra Lean, Fresh",Opn brain lacer w/o coma,$23.43,83
Beer - Blue Light,Ac peptic ulcer NOS-obst,$7.87,81
Lid Coffee Cup 8oz Blk,Prsc sbdrml cntrcp mplnt,$20.56,76
Nori Sea Weed - Gold Label,Hx-intrathoracic mal NEC,$8.54,5
Wine - Ice Wine,Pois-poliomyelit vaccine,$6.23,75
"Napkin - Beverge, White 2 - Ply",Malig carcinoid appendix,$4.62,86
Macaroons - Homestyle Two Bit,Fx tibia NOS-closed,$14.85,27
Chicken - Whole Fryers,Instrmnt fail-catheteriz,$1.48,66
Energy - Boo - Koo,Recur manic dis-severe,$4.19,13
Sambuca Cream,Hx inhaled steroid thrpy,$9.73,53
Muffin Mix - Oatmeal,Leptospiral meningitis,$23.58,78
"Pepper - Paprika, Hungarian",TB of adrenal-no exam,$1.74,76
Red Cod Fillets - 225g,Oth spcf dsdr urethra,$23.37,98
Chevril,Shoulder dystocia-antepa,$6.99,53
Kippers - Smoked,Ocl crtd art w infrct,$3.70,30
Tart - Raisin And Pecan,Depr psychos-sev w psych,$12.12,24
"Champagne - Brights, Dry",Trichostrongyliasis,$3.32,3
Nacho Chips,Bed confinement status,$24.96,10
Pecan Raisin - Tarts,Postinfectious myelitis,$9.73,53
Chocolate - Milk Coating,1st deg burn lower leg,$23.80,20
Flower - Leather Leaf Fern,Compl deliv NOS-antepar,$21.60,17
Tomato - Tricolor Cherry,TB sp crd absc-micro dx,$16.13,20
Yoghurt Tubes,Fam hx musculosk dis NEC,$19.43,91
Swordfish Loin Portions,Trans arthropathy-l/leg,$19.07,54
Garbag Bags - Black,Abn react-external stoma,$11.55,75
Ecolab - Power Fusion,Contamination NEC,$3.06,41
"Cheese - Havarti, Roasted Garlic",Illeg ab w met dis-unsp,$7.30,92
Ice Cream - Strawberry,Vasa previa-delivered,$0.40,55
Quail Eggs - Canned,Stereotypic movement dis,$15.47,66
Soup Campbells Mexicali Tortilla,Intestinal anomaly NEC,$7.60,15
Energy Drink - Franks Pineapple,Candidiasis site NOS,$17.21,61
Munchies Honey Sweet Trail Mix,Fail sterile endoscopy,$21.50,66
"Tarragon - Primerba, Paste",Lacrimal syst dis NOS,$0.54,75
"Jam - Blackberry, 20 Ml Jar",Monoc exotrop w x/y pat,$9.69,68
Bread - Multigrain Oval,Accid in recreation area,$17.53,42
Water Chestnut - Canned,Test male/fem preg loss,$22.38,47
Beef - Tenderloin Tails,Prem separ plac-antepart,$3.01,84
Beef - Texas Style Burger,Winds/brass instru play,$2.22,8
Nantucket Apple Juice,Opn skul base fx-concuss,$15.90,66
Salt And Pepper Mix - Black,Trnspl status-bne marrow,$0.84,87
Veal - Nuckle,Papilledema NOS,$14.65,28
Aspic - Amber,Margin zone lym pelvic,$5.69,93
Ice Cream - Super Sandwich,Spinal cord injury NOS,$2.83,11
Muffin Mix - Lemon Cranberry,Cerebrovasc disease NOS,$10.80,51
"Vermouth - Sweet, Cinzano",H. influenae septicemia,$17.85,34
Beer - Maudite,Pulmon TB NOS-oth test,$6.66,85
Syrup - Kahlua Chocolate,Pois tetracyclc andepres,$1.80,27
Muffin Hinge Container 6,Sbac myl leuk in relapse,$22.67,36
Gherkin - Sour,Reentrant coll-mcyc psgr,$18.70,6
Bagels Poppyseed,Lacrimal fistula,$21.21,99
Orange - Blood,Mv n-traff NEC-pers NEC,$16.31,82
Flour - So Mix Cake White,Threatened abort-deliver,$20.03,30
Pepper - Cubanelle,Aircrft acc NEC-grd crew,$12.14,59
"Lamb - Leg, Boneless","Old detachment, total",$0.58,29
Muffin Batt - Ban Dream Zero,Urethral diverticulum,$14.74,13
Creme De Menth - White,Abnorm innervation synd,$23.41,92
The Pop Shoppe Pinapple,Fem genital fistula NEC,$9.00,10
Muffin - Mix - Bran And Maple 15l,Ac emblsm axillary veins,$7.36,72
"Beans - Kidney, Red Dry",Mv traff acc-pers NOS,$18.42,40
Wasabi Powder,Cholera NOS,$17.35,97
Chocolate - Unsweetened,Maternal death aff NB,$23.79,27
Coffee Cup 12oz 5342cd,Ocl spcf art w infrct,$11.40,94
Muffin Batt - Ban Dream Zero,Superfic phlebitis-leg,$11.82,6
"Wine - White, Cooking",One eye-mod/other-unknwn,$23.74,60
Pork Ham Prager,Arterioven fistu pul ves,$10.43,100
Cheese - Taleggio D.o.p.,Ben neo fallopian tube,$8.13,58
"Wine - Red, Lurton Merlot De",Mal neo ventral tongue,$18.93,15
Taro Root,Tympanosclerosis NOS,$6.28,96
Crab - Soft Shell,Ophthalmia nodosa,$8.11,100
Garlic - Elephant,Poisoning-antidotes NEC,$7.30,49
"Soup - Knorr, Ministrone",Enuresis,$14.29,17
Cheese - Brick With Onion,Spectator at event,$21.48,73
Wine - Pinot Noir Stoneleigh,Ac append w peritonitis,$20.69,71
Butter - Salted,Maxillary hypoplasia,$5.12,46
"Mushroom - Chantrelle, Fresh",Nonsp abn find-ms system,$0.48,82
Pastry - Cheese Baked Scones,Rflx sym dystrph up limb,$12.67,43
"Rum - Coconut, Malibu",Postablativ ovarian fail,$21.50,98
Cheese - Ermite Bleu,Subclavian steal syndrom,$7.34,89
Hummus - Spread,Blood typing encounter,$3.91,46
Pork - Smoked Kassler,NB hemolyt dis-abo isoim,$23.19,74
Chocolate - Milk,Acquired hypothyroid NEC,$14.08,3
"Beef - Bones, Cut - Up",Mening in oth fungal dis,$0.04,20
"Stock - Beef, Brown",Margin zone lym pelvic,$13.11,25
Pork - Backs - Boneless,Amniocentesis affect NB,$17.80,51
Calypso - Black Cherry Lemonade,Alcoholic polyneuropathy,$21.44,23
Carbonated Water - Blackberry,Ossification cerv lig,$2.89,6
"Mushrooms - Black, Dried",Ath ext ntv art gngrene,$16.64,84
Cheese - Cottage Cheese,Juv osteochondrosis NEC,$18.46,4
Pie Shells 10,Hodgkins dis NOS thorax,$6.00,7
Fond - Chocolate,Fam Mediterranean fever,$7.28,86
Wine - Vouvray Cuvee Domaine,Primary pneumonic plague,$13.87,98
"Fish - Base, Bouillion",Opn skl vlt fx-deep coma,$2.47,51
Oxtail - Cut,Fascioliasis,$10.55,71
Cake - Lemon Chiffon,Mechanical prob w head,$17.58,98
Cranberry Foccacia,Myiasis,$18.02,32
Wine - Rubyport,Pingueculitis,$3.61,96
Beer - Pilsner Urquell,Intra-abdom inj NOS-open,$15.55,54
Wine - Marlbourough Sauv Blanc,Sprain of wrist NEC,$17.55,33
Chicken - Wieners,Amniotic prob NOS-deliv,$13.86,54
Fruit Mix - Light,Rabies,$5.84,80
Shrimp - Black Tiger 16/20,Undet pois-corros/caust,$15.90,44
Cheese - Bakers Cream Cheese,Poison-rabies vaccine,$7.59,47
Cake - Bande Of Fruit,Choroidal hemorrhage NOS,$9.20,29
Crackers - Melba Toast,Hx-cervical malignancy,$3.53,100
Trueblue - Blueberry Cranberry,Lactation dis NOS-deliv,$15.35,19
"Asparagus - White, Fresh",Neuropathy in diabetes,$9.08,42
Cheese - Montery Jack,Mal neo spinal cord,$22.46,3
Cabbage Roll,Acc poisn-benzdiaz tranq,$1.02,45
Pea - Snow,Adv eff uric acid metab,$22.92,76
"Veal - Brisket, Provimi,bnls",Benign neoplasm breast,$7.70,72
Vinegar - White,Lactat dis NOS-del w p/p,$5.58,93
Tea - Herbal - 6 Asst,NB subarachnoid hemorr,$2.14,24
Cornstarch,Fetal conjoin twins-del,$4.06,63
"Beef - Tongue, Fresh",Mal neo lower lobe lung,$16.48,26
"Wine - Red, Marechal Foch",Encountr palliative care,$2.99,43
Oven Mitts - 15 Inch,Fx metatarsal-closed,$20.29,54
Chinese Lemon Pork,Circadian rhym sleep NOS,$1.21,94
Rabbit - Frozen,Liver injury NOS-open,$19.90,24
Island Oasis - Peach Daiquiri,Perfor root canal space,$1.84,52
"Wine - Red, Wolf Blass, Yellow",Burn NOS trunk NEC,$0.56,88
V8 - Tropical Blend,Heart compl-del w p/p,$2.48,8
"Corn - Cream, Canned",Labyrinth fistula comb,$23.57,56
"Clams - Littleneck, Whole",Poison-piped gas,$7.53,14
Allspice - Jamaican,Special symptom NEC/NOS,$11.60,69
Grenadine,Oth spcf dsdr urethra,$18.92,84
Bok Choy - Baby,Hx antineoplastic chemo,$14.78,45
"Soup - Campbells, Cream Of",War inj:therml radiation,$18.21,20
Devonshire Cream,Gambian trypanosomiasis,$12.04,31
Appetizer - Southwestern,React depress psychosis,$17.18,35
Onions - Cooking,Injury-moving object,$19.34,71
"Basil - Dry, Rubbed",Foreign body hand-infect,$12.16,51
Table Cloth 53x53 White,Hodg lymph-histio pelvic,$21.03,35
"Doilies - 8, Paper",Screen-schistosomiasis,$23.83,24
Skirt - 24 Foot,Inf arthrit NOS-pelvis,$17.44,62
"Vodka - Hot, Lnferno",Dislocat elbow NEC-open,$23.49,63
Steam Pan - Half Size Deep,Injuries to scalp NEC,$24.99,85
Tea - Black Currant,Esoph varice oth dis NOS,$17.69,17
Absolut Citron,Climact arthritis-ankle,$13.82,81
Pasta - Agnolotti - Butternut,Malig neo pituitary,$15.33,16
Beer - Sleemans Honey Brown,Helminthiasis NEC,$22.35,21
"Tart Shells - Sweet, 2","Fx triquetral, wrist-opn",$2.63,41
Beef - Ox Tongue,Sec DM oth nt st uncontr,$10.47,62
Wine - Sawmill Creek Autumn,Fracture six ribs-closed,$18.40,4
"Nestea - Ice Tea, Diet",Function dis neutrophils,$11.95,57
Sage Ground Wiberg,Primary apnea of newborn,$9.15,59
Puree - Kiwi,Concussion w coma NOS,$23.03,92
Butter - Salted,Anemia-antepartum,$14.99,80
Boogies,Lymphomas NEC spleen,$12.97,26
"Sauce - Soya, Dark",Mal neo ribs/stern/clav,$14.59,50
Cheese - Camembert,Supervis normal 1st preg,$9.88,51
"Turkey - Breast, Smoked",Adv eff mix sedative,$0.76,51
Sesame Seed,Int asthma w (ac) exac,$15.81,49
Flower - Daisies,Ac peptic ulcer NOS-obst,$17.80,83
"Cherries - Maraschino,jar",Bubonic plague,$1.45,77
Sherry - Dry,Hem early preg NEC-unsp,$14.49,23
"Veal - Inside Round / Top, Lean",Lng use antiplte/thrmbtc,$24.20,1
Mushroom - White Button,Aortic atherosclerosis,$6.22,21
Carbonated Water - Wildberry,Malignant neo palate NOS,$24.59,96
Longos - Lasagna Beef,Ca in situ eyelid,$15.47,39
"Syrup - Golden, Lyles",TB laryngitis-cult dx,$16.65,71
Flax Seed,Oth spcf retention urine,$11.16,62
Soup - Campbells Broccoli,Post cornea pigmentation,$14.26,96
"Marsala - Sperone, Fine, D.o.c.",Chronic hepatitis NOS,$13.78,17
Tea - Earl Grey,Second malig neo kidney,$4.12,90
"Potatoes - Instant, Mashed",Gingival recession-local,$22.50,80
"Soup - Campbells, Spinach Crm",Myalgia and myositis NOS,$11.19,55
"Seedlings - Buckwheat, Organic",Malig neo penis body,$9.96,82
Horseradish Root,DMI neuro nt st uncntrld,$9.07,15
Lemon Balm - Fresh,Purpura NOS,$21.67,89
Soup - Base Broth Chix,Opn cort contus-mod coma,$20.72,45
"Tarragon - Primerba, Paste",Person feigning illness,$20.12,77
Butcher Twine 4r,Springboard/platfrm dive,$14.77,87
Cheese - Brick With Onion,Long-term use of aspirin,$0.82,15
"Chocolate - Pistoles, Lactee, Milk",Prophyl or tx meas NOS,$5.40,69
Wine - Cava Aria Estate Brut,Adhesion tympanum-incus,$11.77,12
Lidsoupcont Rp12dn,Postphlebtc syn w inflam,$10.20,39
Cardamon Seed / Pod,Routine gyn examination,$22.61,77
Mussels - Frozen,Lacrim canalic stenosis,$18.88,60
Muffin Puck Ww Carrot,TB lung nodular-histo dx,$20.13,70
"Crab - Back Fin Meat, Canned",2nd deg burn wrist,$17.99,94
Muffin - Bran Ind Wrpd,Secondary malig neo skin,$20.86,69
Mustard - Dijon,TB of eye-oth test,$5.29,17
Onion Powder,Fx humerus NOS-closed,$19.51,53
Mayonnaise,Schizo NEC-chr/exacerb,$9.60,23
Wine - Baron De Rothschild,Fail induction NOS-unsp,$5.54,73
Tia Maria,Lambert-Eaton synd NOS,$22.06,73
Mace,Dural tear NEC,$3.88,33
Soup - Verve - Chipotle Chicken,Twins w fetal loss-ante,$7.43,44
Jameson - Irish Whiskey,Undet circ-suffocate NOS,$24.45,61
Veal - Heart,Open wound of penis,$10.71,54
Beer - True North Lager,Mumps complication NEC,$5.16,40
Water - Aquafina Vitamin,Ca in situ esophagus,$22.92,90
Beef - Prime Rib Aaa,Dermatophytosis of foot,$1.69,43
Sauce - Balsamic Viniagrette,Benign neoplasm penis,$10.33,62
Tomatoes - Hot House,Late effct cmplcatn preg,$13.80,61
Pastry - French Mini Assorted,Injury axillary artery,$18.17,95
Wine - German Riesling,Effect external caus NEC,$24.50,91
"Soup - Cream Of Broccoli, Dry",Nasopharynx diphtheria,$14.29,53
Wine - Prem Select Charddonany,Ac vasc insuff intestine,$10.59,94
Bananas,Human bite - accidental,$11.04,53
Beer - Mill St Organic,Malignant neo mandible,$21.27,71
Sea Urchin,Phobia NOS,$15.06,9
Pike - Frozen Fillet,Resp TB NEC-no exam,$11.63,63
Spinach - Packaged,Noninflam dis vagina NEC,$1.45,84
Wine - Gato Negro Cabernet,Endodontic overfill,$21.56,14
Flour - Strong,Cl skull vlt fx-mod coma,$18.96,50
Soup - Base Broth Chix,Atten to cystostomy,$10.67,55
Pie Shell - 9,Secondary lacrim atrophy,$4.05,9
Croissants Thaw And Serve,Periodic paralysis,$23.00,17
Apple - Granny Smith,Traum arthropathy-hand,$4.82,94
Cheese - Sheep Milk,Late effect of crushing,$17.93,32
"Lamb - Shoulder, Boneless",TB of bladder-no exam,$17.09,67
Cheese - Wine,Postherpes trigem neural,$7.16,55
Crackers - Trio,Hematoma of vulva,$2.05,38
Pepperoni Slices,Acc poisoning-antimony,$2.04,73
Soup Campbells Beef With Veg,Water-skiing accident,$3.87,2
"Cheese - Romano, Grated",Mapl bark-stripprs' lung,$14.20,24
Lettuce - Boston Bib - Organic,Fx distal radius NEC-cl,$16.75,1
Lettuce - California Mix,Merkel cell ca-trunk,$18.24,30
Sauce - Demi Glace,Benign neoplasm lg bowel,$1.11,37
Prunes - Pitted,Metabolism disorder NOS,$11.24,88
Carroway Seed,Ob perineal hematoma-del,$15.18,37
Soup Knorr Chili With Beans,Cestode infection NOS,$0.61,22
Sauce - Hp,Hemangioma intracranial,$7.04,56
Cheese - Marble,Mal neo cereb ventricle,$19.72,99
Soup - Tomato Mush. Florentine,Claw hand,$12.09,93
Ecolab - Lime - A - Way 4/4 L,Mal neo mouth floor NOS,$20.40,28
"Fish - Base, Bouillion",Acc poison-cleanser NEC,$16.23,17
Kirsch - Schloss,Mal neo bladder-dome,$21.53,54
Wine - Guy Sage Touraine,Erythmtsquamous derm NEC,$10.08,54
Soup Campbells Turkey Veg.,Abdmnal pain periumbilic,$11.12,45
Smoked Paprika,Malayan filariasis,$10.99,21
Beer - Moosehead,Lac eyelid skn/perioculr,$6.59,9
Taro Leaves,Chr fibrous thyroiditis,$16.44,72
Ice Cream - Strawberry,Arthropathy NEC-shlder,$16.04,33
Sausage - Blood Pudding,Poisoning-acidifying agt,$15.51,39
Beer - Sleemans Cream Ale,Resp failure of newborn,$22.80,21
Versatainer Nc - 9388,Dvrtcli colon w/o hmrhg,$1.97,68
Banana Turning,Injury-handgun,$19.25,54
Beer - Blue,Acc poison-methadone,$6.24,26
Leeks - Large,Intestinal fistula,$4.59,19
"Turkey - Whole, Fresh",Malig carcinoid stomach,$24.52,38
"Lamb - Leg, Boneless",Dist oral epithelium NEC,$10.00,36
Oats Large Flake,Cndct dsrdr chldhd onst,$15.13,13
Crackers - Water,Vasc dementia w delirium,$4.17,20
Squid - U - 10 Thailand,Obstacle course,$24.69,23
Venison - Denver Leg Boneless,Fall-psng comm aircraft,$18.66,83
Soup Bowl Clear 8oz92008,Dev dis jt-pelvic/thigh,$17.21,16
V8 Pet,Tobacco use dis-antepart,$7.09,97
Wine - Puligny Montrachet A.,Boat acc inj NEC-unpower,$6.15,16
Lettuce - Arugula,Undet fall natural site,$10.19,39
Rice - Brown,Conversion disorder,$5.86,85
Beer - Sleeman Fine Porter,Cystic fibrosis w GI man,$2.96,80
Pate - Peppercorn,Aseptic necrosis humerus,$16.79,73
Coffee - Espresso,Preg w hx of abortion,$8.53,84
Bread Base - Gold Formel,Chronic pharyngitis,$2.28,69
Duck - Fat,Probl w internal org NOS,$2.00,53
"Soda Water - Club Soda, 355 Ml",Contusion shoulder reg,$22.18,71
Seedlings - Clamshell,Arom amin-acid metab NEC,$13.84,64
Banana,Cholelith/gb inf NEC-obs,$23.99,26
Creme De Menth - White,Gb cholesterolosis,$8.27,93
Sprouts - Onion,Jt derangment NOS-up/arm,$20.75,3
Propel Sport Drink,"Acute gingititis, plaque",$6.07,60
Foil Wrap,"Liver lacerat, major-opn",$13.34,65
Chips Potato Swt Chilli Sour,Hypocalcem/hypomagnes NB,$19.64,85
"Lemonade - Island Tea, 591 Ml",Poisoning-system agt NEC,$20.10,100
Duck - Breast,Quads w fetal loss-ante,$16.11,46
Straw - Regular,Toxic eff carbon tetrach,$23.60,86
Beer - Camerons Cream Ale,Palindrom rheum-mult jts,$8.74,99
"Mushroom - Shitake, Fresh",Problems with learning,$5.26,63
Cheese - Marble,Ot sp hmiplga unspf side,$23.97,44
Cakes Assorted,Ac polio NOS-type 3,$7.57,46
Muffin Hinge Container 6,Osteomyelit NOS-oth site,$13.22,44
Oil - Avocado,Infect dis NEC-delivered,$8.82,76
Bread - Onion Focaccia,Volvulus of intestine,$16.04,76
Flour - Pastry,Ac rheumat hrt dis NEC,$7.50,82
Fudge - Cream Fudge,Abn auditory percept NOS,$4.54,85
Raspberries - Fresh,3rd deg burn thigh,$24.68,25
Nantucket - Orange Mango Cktl,Pancreatic disease NEC,$10.31,13
Arctic Char - Fillets,Dislocation ankle-open,$3.40,60
Chicken - Ground,Ca in situ esophagus,$12.99,93
Lettuce - Sea / Sea Asparagus,Failure to thrive-child,$3.67,66
Cleaner - Bleach,C1-c4 spin cord inj NOS,$21.89,56
"Wine - Red, Metus Rose",Vaccin for singl dis NOS,$16.04,2
Pasta - Fusili Tri - Coloured,"Late effect tb, resp/NOS",$9.46,24
"Lid - Translucent, 3.5 And 6 Oz",Open wound tongue-compl,$9.08,90
Artichoke - Fresh,Burkitt's tumor abdom,$21.79,86
Lettuce - Radicchio,Radiotherapy convalescen,$18.45,56
Sambuca Cream,Idiopath pulmon fibrosis,$19.45,100
Lemon Balm - Fresh,Adv eff cholinergics,$17.46,80
Flour - Masa De Harina Mexican,Degenerative skin disord,$2.97,15
Appetizer - Mango Chevre,Cryst arthrop NOS-pelvis,$1.41,93
Hand Towel,Personal histry malaria,$18.85,65
"Soup - Knorr, Classic Can. Chili",Patent ductus arteriosus,$5.78,94
Snails - Large Canned,War inj:fragments NEC,$2.01,66
Steampan - Foil,Chronic prostatitis,$3.05,61
Mustard - Seed,Acc poison-carbamates,$20.22,17
Lemons,Dis amino-acid metab NEC,$10.10,23
"Cookies - Oreo, 4 Pack",Uns mno leu wo ach rmsn,$16.97,79
Melon - Cantaloupe,"Terrorism, chemicals",$2.83,24
"Crab - Blue, Frozen",Late eff inj periph vess,$23.01,8
Steam Pan Full Lid,Househld maintenance NEC,$21.96,73
Calypso - Black Cherry Lemonade,Sprain of neck,$12.15,21
Meldea Green Tea Liquor,Insect bite shld/arm-inf,$24.90,40
Pernod,Fem genital fistula NEC,$7.04,12
"Tortillas - Flour, 12",Fx ramus NOS-open,$17.38,73
Sprouts - Alfalfa,Female genetic test NEC,$13.26,34
"Brownies - Two Bite, Chocolate",Glauc w chamb angle anom,$1.57,6
Dill Weed - Fresh,Steroid responders,$23.36,2
Galliano,Glaucoma w ocular inflam,$7.22,5
Container Clear 8 Oz,Mult anom anter seg-eye,$24.10,50
"Cheese - Cheddar, Medium",Chr postrheum arthritis,$9.85,63
Muffin Mix - Lemon Cranberry,TMJ disorders NOS,$7.27,28
Cheese - Cambozola,Phlebotomus fever,$19.84,81
Red Pepper Paste,Child physical abuse,$3.67,7
Lamb - Loin Chops,Musculoskel anom NEC/NOS,$24.15,3
Hand Towel,Rubella-delivered w p/p,$7.02,14
"Juice - Cranberry, 341 Ml",Osteochondropathy NOS,$21.48,9
"Pork - Bacon, Sliced",Lumbosacral spondylosis,$0.55,63
Veal - Leg,Keratitis NEC,$20.07,4
Cabbage - Nappa,Abn findings-semen,$13.39,31
Icecream - Dstk Cml And Fdg,Heart valve replac NEC,$2.06,27
Pasta - Angel Hair,Fet/plac prob NEC-deliv,$1.96,48
"Lemonade - Island Tea, 591 Ml",Cl skl base fx-prol coma,$14.17,57
Bread - Sour Sticks With Onion,Abdmnal pain periumbilic,$16.25,48
Thyme - Fresh,Pois monoamine oxidase,$3.36,51
Wine - Chateau Aqueria Tavel,Genetc sus mal neo ovary,$19.96,33
Lid - 16 Oz And 32 Oz,Lack of water,$10.00,88
"Soup - Knorr, Veg / Beef",T1-t6 fx-op/ant cord syn,$24.55,6
Coffee Decaf Colombian,Ac osteomyelitis-mult,$9.89,23
Corn - Mini,N-traf board/alight-psgr,$12.67,82
Quiche Assorted,Fx sacrum-op/crd inj NEC,$24.26,66
Sobe - Liz Blizz,Paratyphoid fever NOS,$22.18,22
Thyme - Fresh,RR acc NOS-person NEC,$22.00,19
Pork - Smoked Kassler,Diastematomyelia,$1.52,23
Water - Green Tea Refresher,Accessory muscle,$22.19,81
Cabbage - Savoy,Cl skull vlt fx-coma NOS,$20.37,78
Leeks - Large,Mgrn wo aura wo ntrc mgr,$3.08,91
Parasol Pick Stir Stick,TB of knee-cult dx,$3.79,74
Pepper - Green,Drug depend NEC-contin,$13.59,85
Scampi Tail,Open wound cochlea-compl,$4.38,2
Sugar - Splenda Sweetener,Prim pr TB NEC-exam unkn,$20.93,39
Cake Sheet Combo Party Pack,Dyshidrosis,$4.77,25
"Tortillas - Flour, 12",Contracept surveill NEC,$15.48,1
Carbonated Water - Peach,Acc on industr premises,$24.71,75
"Shrimp - Baby, Cold Water",Ehrlichiosis NEC,$10.79,77
Cookie Choc,Sprain lumbar region,$6.00,96
"Chicken - Wings, Tip Off",Central cord synd/c1-c4,$2.97,1
"Radish - Black, Winter, Organic",Prolif diab retinopathy,$15.81,92
Goulash Seasoning,Family health probl NEC,$16.09,67
Cod - Fillets,1st deg burn trunk NEC,$3.44,21
Pepper - Sorrano,Adverse effect NEC,$23.26,83
Table Cloth 54x72 White,Prolong 2nd stage-deliv,$24.03,83
Juice - Apple 284ml,Orbital disorder NOS,$19.05,38
Lemon Balm - Fresh,Postinjection forgn body,$17.08,12
Blouse / Shirt / Sweater,Renal & ureteral dis NOS,$23.53,6
"Stock - Beef, Brown",Hodg nodul sclero head,$5.21,61
Apples - Sliced / Wedge,Contracture of tendon,$3.73,67
Water - Tonic,Unsocial aggression-mod,$7.32,68
"Vermouth - Sweet, Cinzano",Secondary polycythemia,$24.28,94
Pecan Raisin - Tarts,Abn vulva in preg-unspec,$1.62,46
Halibut - Steaks,Edema in preg-delivered,$4.85,37
"Tomatoes - Vine Ripe, Yellow",Hemorrhagic cond NEC,$12.44,95
Raspberries - Fresh,Refsum's disease,$17.23,96
"Pasta - Cappellini, Dry",Absence of menstruation,$0.39,11
Zucchini - Green,Crushing injury toe,$14.94,4
Country Roll,Atrophic nonflaccid tymp,$9.62,84
Onions - Red,"Retain FB, mat NOS",$2.82,69
Longan,Oral aphthae,$0.37,71
"Vermouth - White, Cinzano",Menst mgr wo ntrc wo st,$3.53,38
Wine - Ruffino Chianti Classico,Instrmnt fail-proced NEC,$20.38,56
Ham - Cooked Italian,Adv eff rabies vaccine,$7.42,27
Versatainer Nc - 8288,Shga txn prod E.coli NEC,$16.37,96
Vinegar - Tarragon,Hair transplant,$16.14,94
Muffin - Banana Nut Individual,Nonsp postv find-anthrax,$18.13,62
Apples - Spartan,Fam hx-neurolog dis NEC,$22.70,61
"Nestea - Ice Tea, Diet",Med disloc prox tibia-cl,$9.95,53
Food Colouring - Blue,Coxa valga,$21.71,9
Octopus,Disloc wrist NOS-closed,$16.47,99
Bar - Granola Trail Mix Fruit Nut,Loc 2nd osteoarthro-hand,$16.25,29
Wine - Jackson Triggs Okonagan,Mal neo skn face NEC/NOS,$23.05,34
Beef - Tender Tips,Renal agenesis,$17.06,10
Wine - Balbach Riverside,Juxtapap foc choroiditis,$9.28,68
"Turkey - Breast, Double",Uterine size descrep-p/p,$3.58,3
Bagel - Ched Chs Presliced,Unc behav neo resp NEC,$17.65,90
Wine - Hardys Bankside Shiraz,Pulmon TB NOS-micro dx,$5.85,16
Pears - Bosc,Ureth strict:oth infect,$1.45,1
Ostrich - Fan Fillet,Fx c1 vertebra-closed,$14.58,53
Lettuce - Sea / Sea Asparagus,Infect NOS-postpartum,$15.08,79
Corn - On The Cob,Ext asthma w status asth,$10.11,86
Bread - Rosemary Focaccia,Cl skul base fx w/o coma,$17.46,13
"Bread - Crumbs, Bulk",Neck disorder/sympt NOS,$6.70,33
Longos - Burritos,Postvaccination fever,$15.10,38
Cheese - Cheddar With Claret,Ca in situ resp sys NOS,$18.40,40
Wine - Cotes Du Rhone,Fx upper forearm NOS-cl,$17.00,31
Coffee Guatemala Dark,Status amput oth fingers,$21.55,7
Table Cloth 53x69 White,Maj puer inf NOS-del p/p,$13.31,98
Cake - Cheese Cake 9 Inch,Status amput lwr lmb NOS,$22.04,1
Chicken - Soup Base,Chr follic conjunctivit,$12.19,32
"Trout - Rainbow, Fresh",Transverse defic arm,$4.07,69
"Pepper - Paprika, Hungarian",Self inflict acc-air gun,$12.76,10
Rice Wine - Aji Mirin,Tk off/land-unp aircrft,$10.30,24
Milk - 2% 250 Ml,Poison-psychotropic agt,$5.51,38
"Beef - Chuck, Boneless",Granuloma inguinale,$19.15,42
Baking Soda,Benign neoplasm brain,$22.47,68
"Beans - Turtle, Black, Dry",Infect nipple-del w p/p,$14.00,24
Tuna - Loin,Vaccination for Td-DT,$3.16,74
Cucumber - Pickling Ontario,Acc-power house applianc,$23.55,25
Pumpkin - Seed,Hgb E-beta thalassemia,$12.16,42
"Coffee - Beans, Whole",Syphilitic alopecia,$5.97,67
Jicama,Acute iridocyclitis NOS,$10.18,25
"Wine - Magnotta - Red, Baco",Eosinophilic esophagitis,$17.90,100
Cake - Bande Of Fruit,Behcet's syndrome,$24.10,84
Cranberries - Fresh,Deep 3rd deg brn leg NOS,$16.31,42
Plate Foam Laminated 9in Blk,Assault-shotgun,$18.88,12
Bouq All Italian - Primerba,Renal hyperten-antepart,$21.88,72
Tomatoes - Grape,"Cong hip sublux, bilat",$11.53,78
Wine - Alicanca Vinho Verde,Recur dislocat-hand,$23.30,69
Waffle Stix,Routine physicl lab exam,$9.05,1
Mushroom Morel Fresh,External motion NEC,$12.64,30
Allspice - Jamaican,War inj:fragment IED NEC,$23.82,12
"Ranchero - Primerba, Paste",Hypertrophy of kidney,$18.00,38
Veal - Insides Provini,Mal mastocytosis inguin,$12.06,63
Appetizer - Sausage Rolls,Abn glucose in preg-unsp,$9.02,56
Chickhen - Chicken Phyllo,Vocal cord paralysis NOS,$8.72,4
Appetizer - Shrimp Puff,Senile entropion,$18.15,23
Loquat,Other comp of cystostomy,$14.17,98
Dill Weed - Fresh,Fx low radius w ulna-opn,$24.20,62
Ecolab - Hobart Upr Prewash Arm,Rubella complication NOS,$7.91,16
"Lid - 10,12,16 Oz",Fx sacr-cl/cauda equ les,$3.15,48
Yeast Dry - Fleischman,Radiation exposure NOS,$9.89,65
Pepper - Jalapeno,Diabetic retinopathy NOS,$9.81,37
"Liqueur Banana, Ramazzotti",Central pterygium,$24.31,40
Wine - Chateau Aqueria Tavel,Recur unil ing hern-gang,$13.18,43
Macaroons - Homestyle Two Bit,Pois-diphtheria vaccine,$19.91,72
Syrup - Chocolate,Hered sensory neuropathy,$5.21,88
Flavouring - Raspberry,Sylvatic yellow fever,$5.66,1
Lettuce - Red Leaf,Radiat fet damag-antepar,$11.46,89
"Salmon - Whole, 4 - 6 Pounds",Abdmnal mass rt upr quad,$8.43,22
Sandwich Wrap,Mycotic mycetomas,$3.53,92
Honey - Liquid,"Cong hip sublux, bilat",$2.00,32
Carrots - Jumbo,Benign hyp ht dis w hf,$19.21,12
Sauce - Cranberry,Fet damg d/t dis-unspec,$5.26,47
Anchovy Fillets,Pneumonia anaerobes,$2.82,3
Oil - Pumpkinseed,Ac atopic conjunctivitis,$9.80,16
Mix Pina Colada,Opn cerebe cont-coma NOS,$17.21,33
Magnotta - Bel Paese White,Epilep NEC w/o intr epil,$14.12,51
Cherries - Fresh,Late eff viral encephal,$23.35,18
Tea - Herbal I Love Lemon,Membranous nephritis NOS,$4.41,96
Rappini - Andy Boy,Acute peptic ulcer NOS,$1.92,68
Creamers - 10%,Personl hx nephrotic syn,$14.13,30
"Napkin - Cocktail,beige 2 - Ply",Lung - kaposi's sarcoma,$6.82,98
Cake - Pancake,Deviated nasal septum,$4.88,47
Sponge Cake Mix - Chocolate,Chr peptic ulc perf-obst,$5.83,17
Chicken Thigh - Bone Out,Acc poison-arom analgesc,$12.08,66
Mackerel Whole Fresh,TB brain abscess-no exam,$8.07,84
Sausage - Chorizo,Chr persistent hepatitis,$10.71,39
Cookie Dough - Chunky,Diphtheria NOS,$7.92,79
Lamb Rack Frenched Australian,Trans arthropathy-ankle,$19.61,96
Pork - Side Ribs,Retract nipple-antepart,$14.98,75
Bread - Raisin Walnut Pull,Bariatric surg stat-del,$5.23,90
"Soup - Campbells, Lentil",Mat comp in utero-unsp,$5.78,11
Wine - Domaine Boyar Royal,Ulceration of intestine,$15.28,45
Muffin - Carrot Individual Wrap,Fx up radius NEC/NOS-cl,$8.39,27
Lettuce - Lolla Rosa,Hx injury NEC,$23.71,79
Chocolate Bar - Reese Pieces,Benign neo trachea,$0.00,9
Cookie Trail Mix,Mal neo salivary NOS,$24.38,79
"Wine - White, Ej Gallo",Inf mcrg rstn macrolides,$5.55,90
